"DESCRIPTION","DURATION IN MS","NAME","PARENT SUITE","START TIME","STATUS","STOP TIME","SUB SUITE","SUITE","TEST CLASS","TEST METHOD"
"","1695","Swag Labs login with valid user","webkit","2026-09-30","passed","2026-09-30","","swag-login.spec.js","",""
"","868","Swag Labs login with valid user","chromium","2026-09-30","passed","2026-09-30","","swag-login.spec.js","",""
"","1366","invalid login shows error message","webkit","2026-09-30","passed","2026-09-30","Login tests","login.spec.js","",""
"","953","Swag Labs login with invalid user","webkit","2026-09-30","passed","2026-09-30","","swag-login.spec.js","",""
"","836","Swag Labs login with invalid user","firefox","2026-09-30","passed","2026-09-30","","swag-login.spec.js","",""
"","968","valid login redirects to inventory","chromium","2026-09-30","passed","2026-09-30","Login tests","login.spec.js","",""
"","1465","valid login redirects to inventory","webkit","2026-09-30","passed","2026-09-30","Login tests","login.spec.js","",""
"","2999","valid login redirects to inventory","firefox","2026-09-30","passed","2026-09-30","Login tests","login.spec.js","",""
"","3514","Swag Labs login with valid user","firefox","2026-09-30","passed","2026-09-30","","swag-login.spec.js","",""
"","990","invalid login shows error message","firefox","2026-09-30","passed","2026-09-30","Login tests","login.spec.js","",""
"","636","Swag Labs login with invalid user","chromium","2026-09-30","passed","2026-09-30","","swag-login.spec.js","",""
"","680","invalid login shows error message","chromium","2026-09-30","passed","2026-09-30","Login tests","login.spec.js","",""
